{
    "MSE": 4978.13330078125,
    "loss": 4986.724051339285
}